ID,NOME,RISCHIO_EROSIONE,DATA_ISCRIZIONE,AMBITO_LOCALE,MODICA_QUANTITA,SEZIONE_REGISTRO,TIPOLOGIA_RISORSA,FAMIGLIA,GENERE,SPECIE,NOME_COMUNE,SIGNIFICATO_NOME,SINONIMI,NOME_DIALETTALE,LUOGO_CONSERVAZIONE,SCHEDA_PORTALE
1,Fagiolina del Trasimeno,Medio,41589,"Comprensorio del Trasimeno (Comuni di Castiglione del Lago, Passignano sul Trasimeno, Tuoro sul Trasimeno, Magione, Città della Pieve, Piegaro, Corciano, Panicale, Paciano)",200 grammi,Vegetale,Erbacea,Fabaceae,Vigna,Vigna unguiculata (L.) Walp. subsp. unguiculata cv-gr. unguiculata,Fagiolina del Trasimeno,-,fagiolina del lago; fagiolina; fagiolina occhio nero; fagiolina dall’occhio; fagioli dall’occhio; fagioli cornetti (se consumata per i baccelli immaturi),-,"Banca del germoplasma del Dipartimento di Scienze Agrarie, Alimentari e Ambientali, Università degli Studi di Perugia (DSA3-UniPG); Banca del Germoplasma della Regione Umbria, gestita dal DSA3-UniPG.",https://biodiversita.umbria.parco3a.org/risorsa/fagiolina-del-trasimeno/
2,Mela Conventina,Elevato,11/11/2013,"Comuni di Gubbio, Gualdo Tadino, Pietralunga, Valfabbrica, Scheggia, Perugia, Città di Castello e Monte Santa Maria Tiberina",10 marze,Vegetale,Arborea,Rosaceae,Malus,M. domestica Borkh,Mela Conventina,"Legato alla presunta origine in ambiente monastico, conventuale","Comentina (Comune di Cantiano, Provincia di Pesaro-Urbino)",-,"Banca del germoplasma in vitro e Campo collezione presso 3A-PTA a Todi (PG); Campo collezione Fondazione per l’Istruzione Agraria, Deruta (PG); Az. Agraria “Archeologia Arborea”, Città di Castello (PG).",https://biodiversita.umbria.parco3a.org/risorsa/mela-conventina/
3,Pera Monteleone,Elevato,11/11/2013,"Comuni di Orvieto, Monteleone di Orvieto, Allerona, Ficulle, Castel Giorgio, Montecchio, Baschi, Guardea, Alviano, Amelia, Montecastrilli e Todi.",10 marze,Vegetale,Arborea,Rosaceae,Pyrus,P. communis L.,Pera Monteleone,Forse legato al Paese di Monteleone di Orvieto,Pera papera,Muntiliona,"Banca del germoplasma in vitro e Campo collezione presso 3A-PTA a Todi (PG); Campo collezione Fondazione per l’Istruzione Agraria, Deruta (PG); Az. Agraria “Archeologia Arborea”, Città di Castello (PG).",https://biodiversita.umbria.parco3a.org/risorsa/pera-monteleone/
4,Pesca Marscianese,Elevato,11/11/2013,Comune di Marsciano,10 marze,Vegetale,Arborea,Rosaceae,Prunus,P. persica(L.) Batsch.,Pesca Marscianese,Legato al territorio di Marsciano,-,-,Banca del germoplasma in vitro e Campo collezione presso 3A-PTA a Todi (PG).,https://biodiversita.umbria.parco3a.org/risorsa/pesca-marscianese/
5,Pecora Appenninica,Minacciata,11/11/2013,Regione Umbria,1 maschio e 3 femmine,Animale,Ovini,"Bovidi, Cavicorni",Ovis,O. aries L.,Pecora Appenninica,Legata all'ambiente di antica presenza sugli Appennini,"Vissana, Casentinese, Senese delle Crete, Barisciana, Pagliarola, Pomarancina, Perugina del Piano.",-,Nessuno,https://biodiversita.umbria.parco3a.org/risorsa/pecora-appenninica/
6,Pecora Sopravissana,Minacciata,11/11/2013,Regione Umbria,1 maschio e 3 femmine,Animale,Ovini,"Bovidi, Cavicorni",Ovis,O. aries L.,Pecora Sopravissana,Tradizionalmente allevata nella zona montana sopra il paese di Visso (MC),Maremmana,-,Nessuno,https://biodiversita.umbria.parco3a.org/risorsa/pecora-sopravissana/
7,Mela Coccianese,Elevato,12/03/2014,"Comune di Guardea, Baschi, Montecchio, Alviano, Lugnano in Teverina",10 marze,Vegetale,Arborea,Rosaceae,Malus,M. domestica Borkh,Mela Coccianese,Legato al paese di Cocciano nel Comune di Guardea (TR),-,-,Banca del germoplasma in vitro e Campo collezione presso 3A-PTA a Todi (PG).,https://biodiversita.umbria.parco3a.org/risorsa/mela-coccianese/
8,Mela Spoletina,Elevato,12/03/2014,"Comuni di Norcia, Spoleto",10 marze,Vegetale,Arborea,Rosaceae,Malus,M. domestica Borkh,Mela Spoletina,-,-,-,Banca del germoplasma in vitro e Campo collezione presso 3A-PTA a Todi (PG).,https://biodiversita.umbria.parco3a.org/risorsa/mela-spoletina/
9,Olivo Moraiolo,Non a rischio,12/03/2014,Regione Umbria,10 marze,Vegetale,Arborea,Oleaceae,Olea,O. europea L. subsp. europea,Olivo Moraiolo,-,"Assisano, Fosco, Carboncella, Morella, Morello, Morellino",-,"Collezione in vivo CRA-OLI, Collesecco, Spoleto; Collezione in vivo Università di Perugia, Dip. Di Scienze Agrarie, Alimentari ed Ambientali; Collezione in vivo CNR-ISAFOM, presso il Campo Collezione di Lugnano in Teverina (TR).",https://biodiversita.umbria.parco3a.org/risorsa/olivo-moraiolo/
10,Olivo Dolce Agogia,Medio - Basso,12/03/2014,"Comuni di Castiglione del Lago, Passignano sul Trasimeno, Tuoro sul Trasimeno, Magione, Città della Pieve, Piegaro, Corciano, Panicale, Paciano",10 marze,Vegetale,Arborea,Oleaceae,Olea,O. europea L. subsp. europea,Olivo Dolce Agogia,-,"Dolce, Gogio",-,"Collezione in vivo CRA-OLI, Collesecco, Spoleto; Collezione in vivo Università di Perugia, Dip. Di Scienze Agrarie, Alimentari ed Ambientali; Collezione in vivo CNR-ISAFOM, presso il Campo Collezione di Lugnano in Teverina (TR).",https://biodiversita.umbria.parco3a.org/risorsa/olivo-dolce-agogia/
11,Olivo Nostrale di Rigali,Medio,12/03/2014,"Comuni di Gualdo Tadino, Nocera Umbra e Gubbio",10 marze,Vegetale,Arborea,Oleaceae,Olea,O. europea L. subsp. europea,Olivo Nostrale di Rigali,Legato alla storica presenza nel paese di Rigali nel Comune di Gualdo Tadino,"Nostrale, Nostrana di Rigali, Rigalese",-,"Collezione in vivo CRA-OLI, Collesecco, Spoleto; Collezione in vivo Università di Perugia, Dip. Di Scienze Agrarie, Alimentari ed Ambientali; Collezione in vivo CNR-ISAFOM, presso il Campo Collezione di Lugnano in Teverina (TR).",https://biodiversita.umbria.parco3a.org/risorsa/olivo-nostrale-di-rigali/
12,Vitigno Grero,Elevato,12/03/2014,Comune di Todi,10 barbatelle,Vegetale,Arborea,Vitaceae,Vitis,V. vinifera L.,Vitigno Grero,"Il nome deriva dalla fusione delle due parole che compongono il nome con cui la varietà è localmente nota: Greco nero, da cui Grero",-,-,"Vigneto collezione del Dipartimento di Scienze Agrarie, Alimentari e Ambientali – Università di Perugia, Deruta (PG).",https://biodiversita.umbria.parco3a.org/risorsa/vitigno-grero/
13,Cavallo agricolo italiano da tiro pesante rapido (T.P.R.),Minacciata,12/03/2014,Regione Umbria,1 Coppia di riproduttori o una femmina gravida fecondata in purezza,Animale,Equini,Equidi,Equus,E. caballus L.,Cavallo agricolo italiano da tiro pesante rapido (T.P.R.),Cavallo tipico utilizzato per lavori pesanti,TPR,-,Nessuno,https://biodiversita.umbria.parco3a.org/risorsa/cavallo-agricolo-italiano-da-tiro-pesante-rapido-t-p-r/
14,Pera Ruzza accessione di Guardea,Elevato,15/12/2014,"Comuni di Guardea, Montecchio, Alviano, Lugnano in Teverina",10 marze,Vegetale,Arborea,Rosaceae,Pyrus,P. communis L.,Pera Ruzza accessione di Guardea,Il nome fa riferimento alla caratteristica della varietà i cui frutti sono per la quasi totalità ricoperti da rugginosità,-,-,Banca del germoplasma in vitro e Campo collezione presso 3A-PTA a Todi (PG).,https://biodiversita.umbria.parco3a.org/risorsa/pera-ruzza-accessione-di-guardea/
15,Pera Marzaiola,Elevato,15/12/2014,"Comuni di Todi, Massa Martana, Montecastrilli, Avigliano Umbro",10 marze,Vegetale,Arborea,Rosaceae,Pyrus,P. communis L.,Pera Marzaiola,Il nome fa riferimento alla caratteristica della varietà che la maturazione fisiologica dei frutti avviene pressappoco in quel periodo,Marzola,-,"Banca del germoplasma in vitro e Campo collezione presso 3A-PTA a Todi (PG); Campo collezione Fondazione per l’Istruzione Agraria, Deruta (PG); Fondazione “Archeologia Arborea”, Città di Castello (PG)",https://biodiversita.umbria.parco3a.org/risorsa/pera-marzaiola/
16,Susina Cosciamonaca Gialla accessione di Collescipoli,Elevato,15/12/2014,"Comuni di Calvi, Narni, Terni, Amelia",10 marze,Vegetale,Arborea,Rosaceae,Prunus,P. domestica L.,Susina Cosciamonaca Gialla accessione di Collescipoli,-,-,-,Banca del germoplasma in vitro e Campo collezione presso 3A-PTA a Todi (PG).,https://biodiversita.umbria.parco3a.org/risorsa/susina-cosciamonaca-gialla/
17,Mela a Sonagli,Elevato,15/12/2014,Regione Umbria,10 marze,Vegetale,Arborea,Rosaceae,Malus,M. domestica Borkh,Mela a Sonagli,"Legato alla caratteristica dei semi di staccarsi, a maturità, dalle ampie logge carpellari e di produrre così un suono allo scuotimento dei frutti","Sona, Batocchia",-,"Banca del germoplasma in vitro e Campo collezione presso 3A-PTA a Todi (PG); Campo collezione Fondazione per l’Istruzione Agraria, Deruta (PG); Fondazione “Archeologia Arborea”, Città di Castello (PG)",https://biodiversita.umbria.parco3a.org/risorsa/mela-a-sonagli/
18,Mela San Giovanni,Elevato,15/12/2014,"Comuni di Città di Castello, Gubbio",10 marze,Vegetale,Arborea,Rosaceae,Malus,M. domestica Borkh,Mela San Giovanni,Legato al periodo di maturazione dei frutti che cade approssimativamente nel periodo della festività del Santo.,-,-,"Banca del germoplasma in vitro e Campo collezione presso 3A-PTA a Todi (PG); Campo collezione Fondazione per l’Istruzione Agraria, Deruta (PG); Fondazione “Archeologia Arborea”, Città di Castello (PG)",https://biodiversita.umbria.parco3a.org/risorsa/mela-san-giovanni/
19,Mela Ruzza,Elevato,15/12/2014,Regione Umbria,10 marze,Vegetale,Arborea,Rosaceae,Malus,M. domestica Borkh,Mela Ruzza,Legato alla caratteristica dei frutti di avere la buccia interamente (o quasi) ricoperta da rugginosità.,"Roggia, Ruggine",-,"Banca del germoplasma in vitro e Campo collezione presso 3A-PTA a Todi (PG); Campo collezione Fondazione per l’Istruzione Agraria, Deruta (PG); Fondazione “Archeologia Arborea”, Città di Castello (PG)",https://biodiversita.umbria.parco3a.org/risorsa/mela-ruzza/
20,Fico Bianchelle,Elevato,15/12/2014,Comune di Amelia,10 marze,Vegetale,Arborea,Moraceae,Ficus,F. carica L.,Fico Bianchelle,-,-,-,"Banca del germoplasma in vitro e Campo collezione presso 3A-PTA a Todi (PG); Campo collezione Fondazione per l’Istruzione Agraria, Deruta (PG); Fondazione “Archeologia Arborea”, Città di Castello (PG)",https://biodiversita.umbria.parco3a.org/risorsa/fico-bianchelle/
21,Vitigno Sagrantino,Non a rischio,15/12/2014,"Comuni di Montefalco, Bevagna, Gualdo Cattaneo, Castel Ritaldi e Giano dell’Umbria",10 barbatelle,Vegetale,Arborea,Vitaceae,Vitis,V. vinifera L.,Vitigno Sagrantino,"Rimanda alla tradizione secondo la quale il Sagrantino, nella versione passita, fosse consumato durante le festività religiose o durante la celebrazione delle liturgie.",-,-,"Campo collezione di varietà di vite del DSA3, Casalina di Deruta (PG).",https://biodiversita.umbria.parco3a.org/risorsa/vite-sagrantino/
22,Farro di Monteleone di Spoleto,Medio,15/12/2014,Territori in base al Disciplinare della DOP,10 Kg,Vegetale,Erbacea,Gramineae,Triticum,T. turgidum L. subsp. dicoccum Schubler,Farro di Monteleone di Spoleto,-,-,-,"Banca del germoplasma regionale di semi di specie erbacee, S. Andrea D’Agliano (PG).",https://biodiversita.umbria.parco3a.org/risorsa/farro-di-monteleone-di-spoleto/
23,Sedano Nero di Trevi,Medio,15/12/2014,Comune di Trevi,30 semi,Vegetale,Erbacea,Umbelliferae,Apium,A. graveolaens L. var. dulce,Sedano Nero di Trevi,L’aggettivo “nero” associato al nome è legato alla caratteristica della varietà di conservare le coste di colore verde fino alla maturità in quanto trattasi di varietà non auto imbiancante.,-,-,"Banca del germoplasma regionale di semi di specie erbacee, S. Andrea D’Agliano (PG)",https://biodiversita.umbria.parco3a.org/risorsa/sedano-nero-di-trevi/
24,Pollo Livorno bianca ceppo Università degli Studi di Perugia,Minacciata di abbandono,25/05/2015,Regione Umbria,1 maschio e 5 femmine,Animale,Avicoli,Phasianidae,Gallus,G. gallus L,Pollo Livorno bianca ceppo Università degli Studi di Perugia,-,-,-,"Sezione Sperimentale dell’Università degli Studi di Perugia, in loc. Vestricciano (PG).",https://biodiversita.umbria.parco3a.org/risorsa/pollo-livorno-bianca-ceppo-universita-degli-studi-di-perugia/
25,Roveja accessione di Civita di Cascia,Medio,25/05/2015,"Comuni di Norcia, Cascia e Preci",200 grammi,Vegetale,Erbacea,Fabaceae,Pisum,P. sativum ssp. sativum var. arvense L. (POIR.),Roveja accessione di Civita di Cascia,-,"Roveglia, Rubiglio (Appennino umbro marchigiano)",-,"Banca del germoplasma regionale di semi di specie erbacee, S. Andrea D’Agliano (PG).",https://biodiversita.umbria.parco3a.org/risorsa/roveja-accessione-di-civita-di-cascia/
26,Pomodoro di Mercatello di Marsciano,Elevato,25/05/2015,Comune di Marsciano,40 semi,Vegetale,Erbacea,Solanaceae,Solanum,S. lycopersicum L.,Pomodoro di Mercatello di Marsciano,Legato alla coltivazione nel paese di Mercatello di Marsciano,-,-,"Banca del germoplasma regionale di semi di specie erbacee, S. Andrea D’Agliano (PG).",https://biodiversita.umbria.parco3a.org/risorsa/pomodoro-di-mercatello-di-marsciano/
27,Prugna Verdacchia,Elevato,25/05/2015,Comune di Amelia,10 marze,Vegetale,Arborea,Rosaceae,Prunus,P. domestica L.,Prugna Verdacchia,-,-,-,Banca del germoplasma in vitro e Campo collezione presso 3A-PTA a Todi (PG).,https://biodiversita.umbria.parco3a.org/risorsa/susina-verdacchia/
28,Prugna Armascia gialla accessione di Amelia,Elevato,25/05/2015,Comune di Amelia,10 marze,Vegetale,Arborea,Rosaceae,Prunus,P. domestica L.,Prugna Armascia gialla accessione di Amelia,"Forse derivato da una variante dialettale di Damasco/Damaschina, nome più comunemente diffuso in tempi storici per indicare alcune varietà di Susine",-,-,Banca del germoplasma in vitro e Campo collezione presso 3A-PTA a Todi (PG).,https://biodiversita.umbria.parco3a.org/risorsa/susina-armascia-gialla-accessione-di-amelia/
29,Fagiolo Verdino di Cave,Elevato,18/06/2018,Frazione di Cave di Foligno (PG),200 grammi,Vegetale,Erbacea,Fabaceae,Phaseolus,P. vulgaris L.,Fagiolo Verdino di Cave,Legato al colore del tegumento del seme,"Cannellino umbro, Cannellino verdino umbro (entrambi riconducibili all’area geografica della Valle Umbra)",-,"Banca del Germoplasma Regionale di specie erbacee da seme, gestita dal DSA3.",https://biodiversita.umbria.parco3a.org/risorsa/fagiolo-verdino-di-cave/
30,Fagiolo Giallo di Cave,Elevato,18/06/2018,Frazione di Cave di Foligno (PG),200 grammi,Vegetale,Erbacea,Fabaceae,Phaseolus,P. vulgaris L.,Fagiolo Giallo di Cave,Legato al colore del tegumento del seme,-,-,"Banca del Germoplasma Regionale di specie erbacee da seme, gestita dal DSA3.",https://biodiversita.umbria.parco3a.org/risorsa/fagiolo-giallo-di-cave/
31,Merangolo di Ferentillo accessione “Frantoio La Drupa”,Elevato,18/06/2018,"Comuni di Ferentillo, Arrone, Amelia, Narni, Cesi, Otricoli, Calvi dell’Umbria, San Gemini, Terni, Penna in Teverina, Lugnano, Guardea, Alviano",10 marze,Vegetale,Arborea,Rutaceae,Citrus,C. x aurantium L,Merangolo di Ferentillo accessione “Frantoio La Drupa”,-,-,-,Campo Collezione regionale presso 3A-PTA,https://biodiversita.umbria.parco3a.org/risorsa/merangolo-di-ferentillo-accessione-frantoio-la-drupa/
32,Melo Panaia di Norcia,Elevato,18/06/2018,"Comuni del Comprensorio della Valnerina (Norcia, Cascia, Cerreto di Spoleto, Monteleone di Spoleto, Poggiodomo, Preci, Sant’Anatolia di Narco, Scheggino, Vallo di Nera, Arrone, Ferentillo, Polino)",10 marze,Vegetale,Arborea,Rosaceae,Malus,M. domestica Borkh,Melo Panaia di Norcia,Per il suo aspetto il frutto ricorda la forma del pane,-,-,Campo Collezione regionale presso 3A-PTA,https://biodiversita.umbria.parco3a.org/risorsa/mela-panaia-di-norcia/
33,Olivo Borgiona,Medio,18/06/2018,"Comuni di Gualdo Tadino, Gubbio, Città di castello, Monte S. Maria Tiberina, S. Giustino, Umbertide, Montone",10 marze,Vegetale,Arborea,Oleaceae,Olea,O. europea L. subsp. europea,Olivo Borgiona,-,"Morcona, Borsciona",-,Campo Collezione regionale di Olivi presso Lugnano in Teverina; Campo Collezione del CREA-OLI di Spoleto a Castel Ritaldi,https://biodiversita.umbria.parco3a.org/risorsa/olivo-borgiona/
34,Fagiolo di Camerata di Todi,Elevato,03/09/2018,Frazione di Camerata di Todi (PG),200 grammi,Vegetale,Erbacea,Fabaceae,Phaseolus,P. vulgaris L.,Fagiolo di Camerata di Todi,Legato alla omonima Frazione dove è tradizionalmente coltivato,Fagiolo d’acqua (per le elevate esigenze idriche di questa coltura),-,"Banca del Germoplasma Regionale di specie erbacee da seme, gestita dal DSA3.",https://biodiversita.umbria.parco3a.org/risorsa/fagiolo-di-camerata-di-todi/
35,Capra Facciuta della Valnerina,Minacciata,03/09/2018,"Comuni di Norcia, Cascia, Cerreto di Spoleto, Monteleone di Spoleto, Poggiodomo, Preci, Sant’Anatolia di Narco, Scheggino, Vallo di Nera, Arrone, Ferentillo, Narni, Spoleto, Campello sul Clitunno",1 maschio e 3 femmine,Animale,Caprini,"Bovidi, Cavicorni",Capra,C. hircus L.,Capra Facciuta della Valnerina,Si riferisce alle righe bianche che ornano le guance degli animali,"Rigatina, Facciuta Bianca, dalla Mascherina, Capra di Fematre, Capra del Monte Bove",-,Nessuno,https://biodiversita.umbria.parco3a.org/risorsa/capra-facciuta-della-valnerina/
36,Olivo Nebbia,Medio,03/09/2018,Regione Umbria,10 marze,Vegetale,Arborea,Oleaceae,Olea,O. europea L. subsp. europea,Olivo Nebbia,-,"Bianchella di Umbertide, Corniolina",-,Campo Collezione regionale di Olivi presso Lugnano in Teverina; Campo Collezione del CREA-OLI di Spoleto a Castel Ritaldi,https://biodiversita.umbria.parco3a.org/risorsa/olivo-nebbia/
37,Olivo San Felice,Medio,03/09/2018,Comune di Giano dell’Umbria,10 marze,Vegetale,Arborea,Oleaceae,Olea,O. europea L. subsp. europea,Olivo San Felice,Il nome della varietà fa esplicito riferimento all’abbazia benedettina di S. Felice a Giano dell’Umbria.,Dritta,-,Campo Collezione del CREA-OLI di Spoleto a Castel Ritaldi,https://biodiversita.umbria.parco3a.org/risorsa/olivo-san-felice/
38,Olivo Raio,Medio,03/09/2018,"Comune di Amelia, Giove, Penna in Teverina",10 marze,Vegetale,Arborea,Oleaceae,Olea,O. europea L. subsp. europea,Olivo Raio,Per la forma dell’oliva che ricorda una piccola spola del telaio per tessere,"Ragghio, Razzo, Rajo",-,Campo Collezione del CREA-OLI di Spoleto a Castel Ritaldi,https://biodiversita.umbria.parco3a.org/risorsa/olivo-raio/
39,Pero San Pietro accessione di San Martino in Colle,Elevato,03/09/2018,Regione Umbria,10 marze,Vegetale,Arborea,Rosaceae,Pyrus,P. communis L.,Pero San Pietro accessione di San Martino in Colle,Legato al periodo di maturazione dei frutti che cade pressappoco in corrispondenza della festività del Santo,-,-,Campo Collezione regionale presso 3A-PTA,https://biodiversita.umbria.parco3a.org/risorsa/pero-san-pietro-accessione-di-san-martino-in-colle/
40,Pero Sementina,Elevato,03/09/2018,Regione Umbria,10 marze,Vegetale,Arborea,Rosaceae,Pyrus,P. communis L.,Pero Sementina,-,-,-,Campo Collezione regionale presso 3A-PTA,https://biodiversita.umbria.parco3a.org/risorsa/pero-sementina/
41,Pomodoro di Cesare,Elevato,03/12/2018,Comune di Montecastello Vibio,40 semi,Vegetale,Erbacea,Solanaceae,Solanum,S. lycopersicum L.,Pomodoro di Cesare,Il nome riprende (e rende omaggio) all’anziano agricoltore (Cesare) che ha mantenuto nel tempo questa varietà,-,De Cesare,"Banca del germoplasma regionale di semi di specie erbacee, S. Andrea D’Agliano (PG).",https://biodiversita.umbria.parco3a.org/risorsa/pomodoro-di-cesare/
42,Pollo Ancona,Elevato,03/12/2018,Regione Umbria,1 maschio e 5 femmine,Animale,Avicoli,Phasianidae,Gallus,G. gallus L,Pollo Ancona,"Prende il nome della città di Ancona perché dal suo porto, nel 1848, partì alla volta dell’Inghilterra dove fu sottoposta ad un'attenta selezione morfologica volta ad ottenere animali dallo splendido piumaggio macchiettato",-,-,"Sezione Sperimentale Avicunicola, DSA3-Università di Perugia, loc. Vestricciano, Ponte della Pietra (PG); Centro Avicolo Scuola Agraria 'Ciuffelli' di Todi (PG)",https://biodiversita.umbria.parco3a.org/risorsa/pollo-ancona/
43,Fagiolo di Rosciano,Elevato,03/12/2018,"Comune di Arrone, Polino",200 grammi,Vegetale,Erbacea,Fabaceae,Phaseolus,P. vulgaris L.,Fagiolo di Rosciano,Il nome si riferisce al paese di Rosciano nel Comune di Arrone dove era coltivato in passato,-,-,"Banca del Germoplasma Regionale di specie erbacee da seme, gestita dal DSA3",https://biodiversita.umbria.parco3a.org/risorsa/fagiolo-di-rosciano/
44,Fagiolo Secondi del Piano,Medio alto,03/12/2018,Come definito nel Disciplinare di produzione dell’Associazione “Il Fagiolo secondo del Piano di Orvieto”,200 grammi,Vegetale,Erbacea,Fabaceae,Phaseolus,P. vulgaris L.,Fagiolo Secondi del Piano,Il nome si riferisce alla consuetudine di seminare questa varietà in successione (secondariamente) ad altre colture nella località dei Piani di Orvieto.,-,-,"Banca del Germoplasma Regionale di specie erbacee da seme, gestita dal DSA4",https://biodiversita.umbria.parco3a.org/risorsa/fagiolo-secondi-del-piano/
45,Olivo Gentile Grande,Medio,03/12/2018,"San Giustino, Citerna, Santa Maria Tiberina, Città di Castello, Umbertide, Montone, Pietralunga",10 marze,Vegetale,Arborea,Oleaceae,Olea,O. europea L. subsp. europea,Olivo Gentile Grande,-,"Gentile di Anghiari (Pannelli et al., 2003)",-,"Campo Collezione regionale di Olivi presso Lugnano in Teverina Collezione del Crea-OLI sez. di Spoleto, loc. Collececco, Spoleto (PG)",https://biodiversita.umbria.parco3a.org/risorsa/olivo-gentile-grande/
46,Olivo Gnacolo,Medio,03/12/2018,"Assisi, Spello, Valtopina",10 marze,Vegetale,Arborea,Oleaceae,Olea,O. europea L. subsp. europea,Olivo Gnacolo,-,"Gnegolo, Nievolo (Pannelli et al., 2003), Ignaolo (Jacoboni, 1988), Sgnaolo (Giammaroni-Cherubini, 1914), Spagnolo (Francolini, 1923)",-,"Collezione del Crea-OLI sez. di Spoleto, loc. Collececco, Spoleto (PG)",https://biodiversita.umbria.parco3a.org/risorsa/olivo-gnacolo/
47,Olivo Peperina,Medio,03/12/2018,"Gubbio, Perugia",10 marze,Vegetale,Arborea,Oleaceae,Olea,O. europea L. subsp. europea,Olivo Peperina,-,"Pepaiolo (Giammaroni-Cherubini, 1914), Peperino Dolce (Jacoboni, 1988), Sterpino (GiammaroniCherubini, 1914), Bastardo (Francesconi, 1953).",-,"Collezione del Crea-OLI sez. di Spoleto, loc. Collececco, Spoleto (PG)",https://biodiversita.umbria.parco3a.org/risorsa/olivo-peperina/
48,"Ape ligustica, popolazione autoctona umbra",Elevato,01/07/2019,Regione Umbria,1 sciame con regina,Animale,Insetti,Apidae,Apis,A. mellifera (L.),"Ape ligustica, popolazione autoctona umbra","Ape da miele con particolare ligula di 6,359 mm","Ape italiana autoctona, Ape latina, Ape domestica, Ape da miele, Ape",-,-,https://biodiversita.umbria.parco3a.org/risorsa/ape-ligustica-popolazione-autoctona-umbra/
49,Vitigno Tostolello,Elevato,01/07/2019,Comune di Amelia,10 barbatelle,Vegetale,Arborea,Vitaceae,Vitis,V. vinifera L.,Vitigno Tostolello,-,-,-,Nessuno,https://biodiversita.umbria.parco3a.org/risorsa/vitigno-tostolello/
50,Vitigno Dolciame,Medio alto,01/07/2019,"Comuni di Città di Castello, Umbertide, Montone, Citerna, San Giustino Umbro, Monte Santa Maria Tiberina, Piegaro, Perugia",10 barbatelle,Vegetale,Arborea,Vitaceae,Vitis,V. vinifera L.,Vitigno Dolciame,Nell’areale di Città di Castello tale termine era genericamente usato per indicare i vitigni a bacca bianca con sapore gradevole e dolce che maturavano prima del Trebbiano toscano,"Dolciame (Gubbio), Malfiore (Città di Castello), Uva Dolce (Città di Castello)",-,Campo Collezione del DSA3 a Monticchio di Deruta (PG),https://biodiversita.umbria.parco3a.org/risorsa/vitigno-dolciame/
51,Vitigno Cornetta,Elevato,01/07/2019,"Comuni di Cannara, Bettona, Foligno",10 barbatelle,Vegetale,Arborea,Vitaceae,Vitis,V. vinifera L.,Vitigno Cornetta,"Per la somiglianza dell'acino ad un piccolo corno, data la sua forma ellittica leggermente arcuata.",-,-,Nessuno,https://biodiversita.umbria.parco3a.org/risorsa/vitigno-cornetta/
52,Pollo Livorno argentata,Minacciata di abbandono,01/07/2019,Regione Umbria,1 maschio e 5 femmine,Animale,Avicoli,Phasianidae,Gallus,G. gallus L,Pollo Livorno argentata,-,-,-,"Sezione Sperimentale Avicunicola, DSA3-Università di Perugia, loc. Vestricciano, Ponte della Pietra (PG); Centro Avicolo Scuola Agraria 'Ciuffelli' di Todi (PG)",https://biodiversita.umbria.parco3a.org/risorsa/pollo-livorno-argentata/
53,"Melo Limoncella, accessione di Cascia",Elevato,01/07/2019,Regione Umbria,10 marze,Vegetale,Arborea,Rosaceae,Malus,M. domestica Borkh,"Melo Limoncella, accessione di Cascia","I frutti ricordano, per la forma, il colore ed anche nel sapore asprigno, il limone.",-,-,Campo collezione presso 3A-PTA a Todi (PG),https://biodiversita.umbria.parco3a.org/risorsa/melo-limoncella-accessione-di-cascia/
54,Trota Fario popolazione autoctona dell’Appennino umbro marchigiano,Elevato,09/12/2019,"Comuni di Arrone, Campello sul Clitunno, Cascia, Cerreto di Spoleto, Ferentillo, Montefranco, Norcia, Sant’Anatolia di Narco, Vallo di Nera",Non applicabile,Animale,Ittica,Salmonidae,Salmo,S. cettii Rafinesque,Trota Fario popolazione autoctona dell’Appennino umbro marchigiano,Si riferisce alla presenza biogeografica della specie nei corsi d’acqua presenti nel Bacino del Mediterraneo,-,-,Centro Ittiogenico Regionale di Borgo Cerreto (PG).,https://biodiversita.umbria.parco3a.org/risorsa/trota-fario-popolazione-autoctona-dellappennino-umbro-marchigiano/
55,Vite Moscato di Colle di Nocera Umbra,Elevato,09/12/2019,Comune di Nocera Umbra,10 barbatelle,Vegetale,Arborea,Vitaceae,Vitis,V. vinifera L.,Vite Moscato di Colle di Nocera Umbra,"Fa riferimento alla Frazione di Colle, nel Comune di Nocera Umbra, dove un tempo il vitigno era ampiamente coltivato",-,-,Campo collezione presso 3A-PTA a Todi (PG); Campo Collezione del DSA3 a Monticchio di Deruta (PG),https://biodiversita.umbria.parco3a.org/risorsa/vitigno-moscato-di-colle-di-nocera-umbra/
56,Fico Cuore,Elevato,09/12/2019,Comune di Amelia,10 marze,Vegetale,Arborea,Moraceae,Ficus,F. carica L.,Fico Cuore,Discende dalla forma del frutto che ricorda quella di un cuore,"Fico del Cuore, Centro Italia (Gallesio, 1839); Rubado, Robado in Liguria (Gallesio, 1839)",-,Nessuno,https://biodiversita.umbria.parco3a.org/risorsa/fico-cuore/
57,Mela Oleosa,Elevato,09/12/2019,Regione Umbria,10 marze,Vegetale,Arborea,Rosaceae,Malus,M. domestica Borkh,Mela Oleosa,"Legato alla caratteristica dei frutti di presentare una porzione vitrescente del frutto, che interessa buccia e polpa, che rassomiglia ad un macchia d’olio",-,-,Banca del germoplasma in vitro e Campo collezione presso 3A-PTA a Todi (PG),https://biodiversita.umbria.parco3a.org/risorsa/mela-oleosa/
58,Pomodoro Francescano,Elevato,09/12/2019,Regione Umbria,40 semi,Vegetale,Erbacea,Solanaceae,Solanum,S. lycopersicum L.,Pomodoro Francescano,-,-,-,"Banca del germoplasma regionale di semi di specie erbacee, S. Andrea D’Agliano (PG) Banca del germoplasma dell’isola Polvese (PG), gestita da ARPA Umbria Casa dei Semi del Trasimeno, Castiglione del Lago (PG)",https://biodiversita.umbria.parco3a.org/risorsa/pomodoro-francescano/
59,Fagiolo Morone di Macenano,Elevato,29/06/2020,"Terreni lungo il tratto del Fiume Nera che va dal ponte di Terria alla loc. Le Prata, comprendendo gli abitati di Macenano, Sambucheto e Terria nel Comune di Ferentillo (TR)",200 grammi,Vegetale,Erbacea,Fabaceae,Phaseolus,P. vulgaris L.,Fagiolo Morone di Macenano,Per il colore del seme,Fagiolo de La Valle (esternamente all’areale di produzione); Fagiolo de lu mete (fagiolo della mietitura; all’interno dell’ambito locale),-,Banche regionali dei semi a S. Andrea d’Agliano (DSA3 Perugia) e a Pantalla di Todi (3APTA),https://biodiversita.umbria.parco3a.org/risorsa/fagiolo-morone-di-macenano/
60,Pollo Livorno dorata,Minacciata di abbandono,29/06/2020,Regione Umbria,1 maschio e 5 femmine,Animale,Avicoli,Phasianidae,Gallus,G. gallus L,Pollo Livorno dorata,Fa riferimento alla livrea del piumaggio,Livorno collo oro,-,"Sezione Sperimentale Avicunicola, DSA3-Università di Perugia, loc. Vestricciano, Ponte della Pietra (PG) e Centro Avicolo della Scuola Agraria “Ciuffelli”, in loc. Bodoglie (Todi, PG)",https://biodiversita.umbria.parco3a.org/risorsa/pollo-livorno-dorata-ceppo-universita-degli-studi-di-perugia/
61,Fico Alvo,Elevato,29/06/2020,Regione Umbria,10 marze,Vegetale,Arborea,Moraceae,Ficus,F. carica L.,Fico Alvo,Si riferisce al colore chiaro della polpa,"Albo, Albicello, Boero (tutti in Gallesio, Pomona Italiana e Giornali dei viaggi)",-,Campo Collezione regionale presso 3APTA a Pantalla di Todi (PG),https://biodiversita.umbria.parco3a.org/risorsa/fico-alvo/
62,Susino Pernicone,Elevato,29/06/2020,Regione Umbria,10 marze,Vegetale,Arborea,Rosaceae,Prunus,P. domestica L.,Susino Pernicone,-,-,-,Campo Collezione regionale presso 3APTA a Pantalla di Todi (PG),https://biodiversita.umbria.parco3a.org/risorsa/susino-pernicone/
63,Vite Trebbiano Spoletino,Medio,29/06/2020,"Comuni di Spoleto, Trevi, Montefalco, Campello sul Clitunno e Castel Ritaldi",10 barbatelle,Vegetale,Arborea,Vitaceae,Vitis,V. vinifera L.,Vite Trebbiano Spoletino,-,"Spoletino, Trebbiano di Spoleto",-,-,https://biodiversita.umbria.parco3a.org/risorsa/vite-trebbiano-spoletino/
64,Olivo Limona,Alto,16/12/2020,Regione Umbria,10 marze,Vegetale,Arborea,Oleaceae,Olea,O. europea L. subsp. europea,Olivo Limona,Per il frutto che ricorda nella forma il limone,"Cimignolo (Umbria-Assisi); Lea, Nibbiu, Nebbia del Menocchia (Marche)",-,Collezione Istituto Agrario “Ciuffelli” di Todi (PG),https://biodiversita.umbria.parco3a.org/risorsa/olivo-limona/
65,Olivo Pocciolo,Alto,16/12/2020,Regione Umbria,10 marze,Vegetale,Arborea,Oleaceae,Olea,O. europea L. subsp. europea,Olivo Pocciolo,Per il vistoso umbone del frutto,Minerva,-,Campo Collezione del CREA-OLI di Rende (CS) Campo Collezione del CREA-OFA di Spoleto (PG) Campo Collezione regionale a Lugnano in Teverina (TR),https://biodiversita.umbria.parco3a.org/risorsa/olivo-pocciolo/
66,Olivo Ornellona,Alto,16/12/2020,Regione Umbria,10 marze,Vegetale,Arborea,Oleaceae,Olea,O. europea L. subsp. europea,Olivo Ornellona,Per il frutto simile alla cv toscana Ornellaia,-,Oliva Bacona (Narni),Nessuno,https://biodiversita.umbria.parco3a.org/risorsa/olivo-ornellona/
67,Luccio del Trasimeno,Alto,16/12/2020,"Comuni di Castiglione del Lago, Magione, Panicale, Passignano sul Trasimeno, Tuoro sul Trasimeno",Non applicabile,Animale,Ittica,Esocidae,Esox,E. flaviae,Luccio del Trasimeno,Fa riferimento all’habitat in cui insiste la popolazione,-,-,"Centro Ittiogenico di S. Arcangelo, Magione (PG)",https://biodiversita.umbria.parco3a.org/risorsa/luccio-del-trasimeno/
68,Cardo Gobbo della Media Valle del Tevere,Alto,16/12/2020,"Comuni di Marsciano, Deruta, Collazzone, Fratta Todina, Todi",60 semi,Vegetale,Erbacea,Compositae,Cynara,C. cardunculus L.,Cardo Gobbo della Media Valle del Tevere,In base all’areale dove si ritiene fosse maggiormente coltivato in passato,-,-,"Campo Collezione presso 3APTA, Pantalla di Todi (PG)",https://biodiversita.umbria.parco3a.org/risorsa/cardo-gobbo-della-media-valle-del-tevere/
69,Aglione,Medio,16/12/2020,"Comuni di Castiglione del Lago, Passignano sul Trasimeno, Tuoro sul Trasimeno, Città della Pieve, Fabro, Ficulle, Monteleone di Orvieto, Montegabbione",20 bulbi,Vegetale,Erbacea,Amaryllidaceae,Allium,A. ampeloprasum L. var. holmense,Aglione,Per le grandi dimensioni del bulbo,-,-,Nessuno,https://biodiversita.umbria.parco3a.org/risorsa/aglione/
70,Lievito CMCR 102 – Sagrantino 1,Elevato,28/06/2021,"Come definito nel Disciplinare della DOC Sagrantino di Montefalco: Comune di Montefalco e parte del territorio dei Comuni di Bevagna, Gualdo Cattaneo, Castel Ritaldi e Giano dell'Umbria in Provincia di Perugia.",2 litri di mosto in attiva fermentazione oppure inoculo in terreno YEPD 5% fino ad un massimo di 5 litri,Microbica,Lievito vinario,Saccharomycetaceae,Saccharomyces,S. cerevisiae Meyen ex E.C. Hansen,-,"Il nome rimanda alla sigla del Centro dove il ceppo è conservato, Cemin Microbial Collection, mentre il termine “Sagrantino 1” fa riferimento all’areale di vinificazione dove il ceppo è stato selezionato",-,-,Collezione del Laboratorio di microbiologia e Genetica Microbica del Dipartimento di Scienze Farmaceutiche dell’Università di Perugia,https://biodiversita.umbria.parco3a.org/risorsa/lievito-cmcr102-sagrantino-1/
